System,Dataset,DL_MAPE,LR_MAPE,MAPE_Improv,MAPE_p_value,DL_MAE,LR_MAE,MAE_Improv,MAE_p_value,DL_RMSE,LR_RMSE,RMSE_Improv,RMSE_p_value,DL_R2,LR_R2,R2_Improv,R2_p_value,LR_MAPE_std,DL_MAPE_std,LR_MAE_std,DL_MAE_std,LR_RMSE_std,DL_RMSE_std,LR_R2_std,DL_R2_std,MAPE_significant,MAE_significant,RMSE_significant,R2_significant
batlik,corona.csv,0.04223210244445856,0.12164709619674549,65.28309859846172,0.001953125,0.06696136375765005,0.18033542515831366,62.86843602754938,0.001953125,0.10762871480326622,0.25924360384354495,58.483560169831314,0.001953125,0.9468733629864021,0.6933582081646478,36.56337400155989,0.001953125,0.0020105429527308405,0.0019524407433669266,0.0044487126431917235,0.00443031574327423,0.007192572421103008,0.012795733715091,0.013940331638512476,0.010903377378788891,True,True,True,True
batlik,cranium.csv,0.024980074211333754,0.03322307924130085,24.811080785431557,0.001953125,0.04951279531088141,0.06893158803972707,28.171108893725332,0.001953125,0.06544890713228231,0.09569704551041332,31.608225955982665,0.001953125,0.9859312295208082,0.9703827751926116,1.6023011460720136,0.001953125,0.0007303917458105558,0.0036899104017311763,0.0015590226450528052,0.006800716723526602,0.0023526544731200714,0.008102833803770679,0.0014989019438114194,0.003540455551112938,True,True,True,True
batlik,cubus.csv,0.025044393057789348,0.0392607053807391,36.2100277748044,0.001953125,0.15485805968112415,0.2412999335781396,35.82341387964916,0.001953125,0.20311568192964158,0.3308254595047031,38.603370419635425,0.001953125,0.9638400866079501,0.905579586213074,6.433504164830847,0.001953125,0.0005576062377419085,0.004157170059804776,0.00444807861803153,0.026851209149313812,0.00833850901951332,0.0316657692306177,0.0067023208721596235,0.010692887809390449,True,True,True,True
batlik,flame.csv,0.023947128309002343,0.03196687768790614,25.087684375061336,0.001953125,0.041486151063607805,0.057367372126441094,27.683368566770213,0.001953125,0.052909877431765354,0.07612379261549614,30.4949535304751,0.001953125,0.9793098965419562,0.9573319107370628,2.2957540178486537,0.001953125,0.0007144350109398229,0.002483168515139471,0.0012515473799013528,0.003382689192484765,0.0015755884691291842,0.003413980350349015,0.001793677444540315,0.0026490745887708914,True,True,True,True
batlik,france.csv,0.025404867717800195,0.039302858323606624,35.361271924232604,0.001953125,0.08940678975979488,0.14425501532999446,38.02171137324414,0.001953125,0.11661666346863557,0.19067243300894737,38.83926395213969,0.001953125,0.9870052580172087,0.9653833042170776,2.239727339977816,0.001953125,0.0010724307936733895,0.0019770284885709936,0.0037459630294123577,0.007055518183055386,0.0038919492826435505,0.009116534627611103,0.001569900766549101,0.001897772885730526,True,True,True,True
batlik,frisco.csv,0.03606543687239076,0.0508229955073762,29.03716809223415,0.001953125,0.16931508029003936,0.24619019388557825,31.225903998137355,0.001953125,0.21902682497217846,0.3315257464983438,33.933690735759306,0.001953125,0.940964467942587,0.8649788552006882,8.784678640990483,0.001953125,0.0012462053432631852,0.002291337142186898,0.005316409356989644,0.011803929215940227,0.008378963632614275,0.015443343205161235,0.006072969002695709,0.007123666197253968,True,True,True,True
batlik,jelly.csv,0.05115491986974117,0.16985035480234448,69.8823591335618,0.001953125,0.14925246383746466,0.32259841474643136,53.734284790339096,0.001953125,0.43684173321347874,0.4411466381170321,0.9758444316674788,0.232421875,0.5732351013966511,0.5796205845078964,-1.1016660349746987,0.232421875,0.0033666859047223733,0.007319405101619237,0.0075775992444047195,0.03207240622022196,0.018403601582468412,0.1124333067908117,0.015696130087867965,0.13970479009592068,True,True,False,False
batlik,karte.csv,0.026687819618207133,0.15015427887050375,82.22640085986276,0.001953125,0.32263213850723377,1.4892231182313318,78.33554055416451,0.001953125,0.42316185981801946,1.8713266454379105,77.38706597003566,0.001953125,0.9892285670681265,0.7929730922950237,24.74932336040558,0.001953125,0.001961619518034468,0.00401519264204049,0.01199803940326039,0.043905210888428414,0.040020673898845574,0.052539450769335694,0.012874653358338036,0.0028506768885752905,True,True,True,True
batlik,mandelbrot.csv,0.021322224397031554,0.04649038481813071,54.13627036979024,0.001953125,0.027496572511891526,0.06139973193561042,55.2171130963128,0.001953125,0.035624573494742004,0.08400000098968306,57.58979395831503,0.001953125,0.9469628758602318,0.7059452046017425,34.14113017375887,0.001953125,0.0008931930650807373,0.000936953978351084,0.0012870484773220866,0.0011015949253726702,0.0014648442951616346,0.0015176649510412826,0.009782495640581881,0.005421977589007322,True,True,True,True
batlik,strawberry.csv,0.02606442493602399,0.054538477488202994,52.20910788779924,0.001953125,0.041478644878500046,0.09352076208880514,55.6476615972046,0.001953125,0.05446517754450488,0.13043318610544669,58.242852780983704,0.001953125,0.9708188559539513,0.8331472412346708,16.52428381269799,0.001953125,0.0017411442762729269,0.0012744423533162838,0.0031126514860018864,0.0021933251381210635,0.004500065752922115,0.0031546486376385105,0.008255636119402813,0.0033665194032414646,True,True,True,True
batlik,village.csv,0.05807335721578738,0.5738895631242698,89.88074344833271,0.001953125,0.6336332364984685,1.8009266622935847,64.81626654960509,0.001953125,2.1974841621208125,2.4540664429587453,10.455392582141513,0.001953125,0.6398844042028633,0.549892218081673,16.365422743230052,0.001953125,0.01787190857791933,0.004051395636795526,0.03994434246262389,0.0668245561007372,0.0843736804866292,0.150052275594615,0.029029155889547728,0.028348279279017258,True,True,True,True
dconvert,jpeg-large.csv,0.04970808773009709,0.13408651880562023,62.9283479257472,0.001953125,0.19862773276785434,0.41538126317558965,52.181826582801214,0.001953125,0.4867358558394529,0.5635303142189584,13.627387283670988,0.001953125,0.8456048687962813,0.7930386312359488,6.628458626083343,0.001953125,0.0026756953382236666,0.0020232341779781488,0.008215051739249654,0.01217141294933488,0.014756138886197916,0.029790862005255412,0.00440854465290463,0.012583092174521299,True,True,True,True
dconvert,jpeg-medium.csv,0.030052280309406616,0.10160314640366261,70.42189993800892,0.001953125,0.04970938673132215,0.1768300865363514,71.88861482511165,0.001953125,0.06701186293820904,0.24031871743551134,72.11542086554643,0.001953125,0.9837455159127609,0.792342255033492,24.15663933904149,0.001953125,0.0019042788060022317,0.0023972241825277085,0.003199745962290383,0.004142307878139105,0.0060570225732738065,0.006683946516014938,0.004171495990746622,0.0029368234699569343,True,True,True,True
dconvert,jpeg-small.csv,0.030530260363054056,0.03509889265516662,13.016457063183317,0.001953125,0.013167120083674471,0.015073764407628105,12.64876027244245,0.001953125,0.01733475714858592,0.019263052230674767,10.010329925899287,0.001953125,0.5405481419181496,0.43256024316567443,24.9648229255121,0.001953125,0.00039173037935454286,0.0006938396901469415,0.00018726173371894054,0.00029879081733898735,0.0001883017616299729,0.0003435154415740266,0.010353459684904724,0.011525828384416707,True,True,True,True
dconvert,png-large.csv,0.037758146200966826,0.09184841850652212,58.89080420226763,0.001953125,0.09450597664544945,0.21724313360635747,56.49760014201719,0.001953125,0.14395001574337052,0.2786744247765209,48.34473387401472,0.001953125,0.9517939142131814,0.8194258286615088,16.153760465164886,0.001953125,0.0012449897664665497,0.001482364913006541,0.0032081599526783294,0.0032403316767725347,0.00596227470132624,0.004759750759737729,0.00386456872970956,0.0025502504666631578,True,True,True,True
dconvert,png-medium.csv,0.030532054493841186,0.03566073769112528,14.381876341723702,0.001953125,0.01959226649168267,0.023186582774409464,15.501707680244126,0.001953125,0.0250795762545426,0.02921796194527119,14.163841059415056,0.001953125,0.9062954089847578,0.8731494852563177,3.796133913852092,0.001953125,0.00040358558109510685,0.0017683107711695205,0.00031976520529721034,0.001142285899588291,0.00040311516281219033,0.001378056466067053,0.0027769833919613555,0.010045402025060692,True,True,True,True
dconvert,png-small.csv,0.032780756351864684,0.03329122739843408,1.5333500338092183,0.048828125,0.014734156909748039,0.014961332120768913,1.518415667716617,0.130859375,0.01981630299355532,0.019786581959247575,-0.15020802667665123,0.921875,0.6356170285665236,0.6368468237786498,-0.19310690831891877,0.845703125,0.00039448177489065036,0.00040932834966133047,0.00017005568813550497,0.0002270083211386937,0.00028203944677902034,0.00047384805756831326,0.010075301959786034,0.017480003232165683,True,False,False,False
dconvert,psd-large.csv,0.020824580825446627,0.014248909448674397,-46.14859404123715,0.001953125,0.7329872897351651,0.5336132766813213,-37.36301583307714,0.001953125,1.0797682597861837,0.8694241921273782,-24.193491458308568,0.001953125,0.993395271656077,0.9957921478097665,-0.24070044727320405,0.001953125,0.00021731736056664235,0.00400136639656539,0.009531011362039068,0.154530357349531,0.02371825232097803,0.14791617131835683,0.00020592189302873803,0.001830055544604753,True,True,True,True
dconvert,psd-medium.csv,0.02687411922694599,0.051696205687402096,48.01529653946155,0.001953125,0.03524507119539278,0.06709568374956587,47.47043442176587,0.001953125,0.048097184634372216,0.08931846044711919,46.15090274328222,0.001953125,0.9332169243091007,0.7701492737747266,21.173512212136732,0.001953125,0.0005452337116062125,0.0010710076918857417,0.0008114319743595203,0.0015109488152692874,0.002150337536718146,0.003073040857886984,0.0052407693299833845,0.007268719140263873,True,True,True,True
dconvert,psd-small.csv,0.035330256683843306,0.03554337282122491,0.5995945811151101,0.556640625,0.01974838304590156,0.019880692663391795,0.665518147332298,0.431640625,0.02493653332601547,0.024716572473330402,-0.889932667332447,0.431640625,0.6359662910681803,0.6425552942376358,-1.025437534877541,0.431640625,0.0005627904308312041,0.00104903198139924,0.00033865692370243274,0.0005764230628054556,0.00032510357273184706,0.0006434958908724187,0.007734239241635713,0.018387652626222644,False,False,False,False
dconvert,svg-large.csv,0.01970178038023101,0.020374178067442728,3.3002444809598934,0.001953125,0.029822904729443645,0.030701374507850498,2.8613369677706886,0.001953125,0.039631353026876315,0.03911356897204345,-1.3237964942625298,0.001953125,-0.028278560041722044,-0.0012426613181212964,-0.027035898723600748,0.001953125,0.00026620195440851775,0.00029631630109892875,0.0004006396580479598,0.0004505222682890076,0.00039300630678246434,0.0005896448685529471,0.003518119581055072,0.03225093339821908,True,True,True,True
dconvert,svg-medium.csv,0.01711701039965801,0.01717379665933551,0.3306564110658251,0.232421875,0.026370371807731996,0.026423441643887484,0.20084376922097333,0.322265625,0.033345963359178346,0.03312868819052405,-0.655852013833868,0.013671875,0.36104975081195956,0.3692956192861474,-2.2328638747806435,0.013671875,0.0002551116509015985,0.0003076923239144436,0.0003904951275693442,0.0004671966580760881,0.0003841305834551602,0.0005020544924489743,0.012464300460641562,0.012845219662416625,False,False,True,True
dconvert,svg-small.csv,0.02315221082107797,0.0357221306789459,35.188046230614276,0.001953125,0.013013359344904505,0.02013322289758928,35.363754670084624,0.001953125,0.016505586694337125,0.025232057750521154,34.584856861322734,0.001953125,0.8873809392488962,0.7371600762004171,20.37832322970749,0.001953125,0.0005123730065873677,0.0010215563120617136,0.00025696712910823396,0.0005657229338605448,0.00027851853282044104,0.0005640657141793674,0.007008450747982985,0.008480453308708709,True,True,True,True
h2,smallbank-1.csv,0.057409320568407196,0.05755524052563497,0.2535302709103929,0.921875,1123.1158061503563,1124.9019612928487,0.15878318324198987,0.921875,1411.8488071312408,1354.108719274065,-4.264065878560347,0.6953125,0.7863749227998993,0.8085695892077462,-2.7449296515830826,0.6953125,0.0012757190933158202,0.009549145963861432,20.79939596337983,184.9316691703633,22.990431850235794,215.10856077771038,0.01772321545686641,0.07140565007674872,False,False,False,False
h2,smallbank-10.csv,0.04254129958919463,0.04647617871582356,8.466442886125746,0.193359375,563.9615527592762,630.1824741700909,10.508213751584154,0.10546875,716.1966159999532,759.7268858126258,5.729726119421372,0.193359375,0.9068623592311675,0.8970185960085566,1.0973867505548387,0.275390625,0.000845768028343511,0.007178445670531976,11.098346066322513,92.16280615842157,14.467514450384895,110.63762282929947,0.005448535229983525,0.02646358488446504,False,False,False,False
h2,tpcc-2.csv,0.04072359983343219,0.041753255819439714,2.466049570984905,0.556640625,29.78350544895843,30.501047416657645,2.3525158264150035,0.556640625,38.04489624806899,37.668609553175706,-0.9989396990140764,0.76953125,0.7863701332242701,0.7932284722057698,-0.8646107927049512,0.76953125,0.0011138797469111533,0.0045081628928966555,0.7703354827745248,3.1573171774461692,0.8945408477392897,3.878321638233884,0.01702970769096283,0.04828865773312351,False,False,False,False
h2,tpcc-8.csv,0.20848079466092093,0.1985776634039589,-4.987031817781267,0.001953125,107.88345571348206,105.90312793150551,-1.8699426737021057,0.064453125,164.2856679638526,160.52838756526322,-2.340570696296227,0.001953125,0.11223062408123792,0.15269209396195227,-26.498732731241816,0.001953125,0.011126432072827807,0.014756627966632394,3.930513834256238,4.880588909749047,5.424169720885619,6.687380868786144,0.021962013760873325,0.04386754290252851,True,False,True,True
h2,voter-16.csv,0.04154585612763425,0.07639592297495311,45.61770509500183,0.001953125,1323.4572352309956,2399.8188861562367,44.851786821681266,0.001953125,1638.6759223610457,2668.9561995582017,38.60236737372088,0.001953125,0.9578786494102107,0.8904171269600667,7.576395422722988,0.001953125,0.0013799650030233103,0.006523942873777167,33.33018212721827,216.49102541277904,48.20338541557269,260.52023794785157,0.008645268374729563,0.013439486425584657,True,True,True,True
h2,voter-2.csv,0.04231153589797184,0.08046042491772272,47.41323334889319,0.001953125,1312.951397603142,2511.4385300231957,47.72114141328335,0.001953125,1645.1627633339383,2786.92912717516,40.96861856686394,0.001953125,0.9588321921027566,0.882920486184968,8.597796416050702,0.001953125,0.0012699275970319045,0.005691216189396217,38.9533242364046,173.19263406679485,34.25113467471595,194.95775617500524,0.007978314961495984,0.009019896342876168,True,True,True,True
h2,ycsb-2400.csv,0.05617388547523435,0.09121247252374247,38.414249804913055,0.001953125,805.527523412895,1283.9471204527968,37.261627789716314,0.001953125,1044.4978426641794,1575.6037286667497,33.70808765805495,0.001953125,0.749555280434944,0.43403801671538245,72.69346268496565,0.001953125,0.002385876657536987,0.007383568768065389,30.13742570668563,110.35020682387673,41.86051448864558,135.7481764969024,0.025665626616554457,0.054408306297476006,True,True,True,True
h2,ycsb-600.csv,0.05187512009284527,0.08398940089583613,38.23611129554202,0.001953125,1068.7561171325026,1691.0118043661375,36.79783225800027,0.001953125,1369.9330054890975,2082.2411541857373,34.20872492433225,0.001953125,0.8142198267517795,0.5712467517962765,42.53382171390524,0.001953125,0.002432947666661046,0.00355577833444821,42.09430649555099,78.47920395873211,59.96694836138302,100.4461844621403,0.025492904866215298,0.022147247823364725,True,True,True,True
jump3r,beethoven.wav.csv,0.17455816360977475,0.2558024688902437,31.760563388200993,0.001953125,1.7133342919891272,2.247001563917439,23.750195838667434,0.001953125,2.43676224264014,2.8873952127875944,15.6069030021144,0.001953125,0.817445526959928,0.7440670606859773,9.8618081824911,0.001953125,0.006812174298361862,0.008751572830498941,0.03879045954761764,0.09329673027905651,0.03496806756328394,0.11261399982777115,0.00797956177314429,0.01679128235752205,True,True,True,True
jump3r,dual-channel.wav.csv,0.17204383696339468,0.23235128377741504,25.955288834036715,0.001953125,0.49709033116392903,0.6155762070742934,19.2479622423198,0.001953125,0.7084108705437637,0.8519655444001204,16.84982154500571,0.001953125,0.8131837075026317,0.7300138402122631,11.39291650500566,0.001953125,0.0062098903398442,0.005318321372497871,0.01608865516422122,0.019110691432193776,0.022841790929594433,0.02628476612649956,0.010560471023762294,0.012509166363667968,True,True,True,True
jump3r,helix.wav.csv,0.18057667502560995,0.2525454891177667,28.497366689688263,0.001953125,0.9148206689344501,1.1059452741177223,17.281560820063497,0.001953125,1.4014829440602141,1.5763081308377656,11.09080029198584,0.001953125,0.7866566920216782,0.7308344225598014,7.6381554752655525,0.001953125,0.0069512646810616875,0.006951635721292654,0.0310750629541143,0.03545065587150265,0.11640027806157069,0.14318327084195065,0.026413039429022556,0.0344269789041346,True,True,True,True
jump3r,single-channel.wav.csv,0.1572581838595123,0.18943615963871904,16.986184602018223,0.001953125,0.277686508346494,0.3264740018561266,14.943760676886217,0.001953125,0.3788753102295256,0.42919466214321655,11.724132742568935,0.001953125,0.808295575891637,0.7541034674872463,7.186296143812284,0.001953125,0.004052420085914131,0.006260954655678352,0.007588392605361223,0.009048244615702679,0.010573744508652174,0.008275307596230684,0.010612508109568163,0.00947614997536365,True,True,True,True
jump3r,speech.wav.csv,0.16602355126089527,0.19906326262779034,16.597593614585186,0.001953125,0.6960799044638611,0.8114811655806673,14.221064642237147,0.001953125,0.9346453614890736,1.0217166019654098,8.522053993136932,0.001953125,0.8832589910856576,0.8604666443539326,2.64883559185938,0.001953125,0.004699487721238185,0.007065762779083939,0.01591247635122059,0.016260954697516358,0.017605628592132733,0.017006474309854934,0.006913703162208149,0.005389078208788075,True,True,True,True
jump3r,sweep.wav.csv,0.10725555815111157,0.11949291257214305,10.241071338555965,0.001953125,0.06548748073187777,0.06982276667107817,6.208986188735713,0.001953125,0.08865594913049699,0.08841835798454481,-0.26871246126704396,0.76953125,0.8241124867858696,0.825017373229807,-0.10968089561494922,0.76953125,0.0020425681056272928,0.0033595133588046455,0.0010946018188583977,0.001623686128981775,0.001323441580613125,0.002278522318996397,0.006857476893433442,0.007875550373843188,True,True,False,False
kanzi,ambivert.csv,0.15856466905070604,1.5011009544050364,89.43677514924016,0.001953125,2.874348670731874,17.0931578985367,83.18421506550327,0.001953125,7.7999689434685635,27.58894276012338,71.72791646535106,0.001953125,0.9569533069937423,0.4637886234830633,106.33393286083663,0.001953125,0.0935206202810573,0.012199257338680639,0.4472724997262793,0.27875776797787283,0.9714538892638116,1.0253722475090827,0.022968991054846302,0.009262540907771018,True,True,True,True
kanzi,artificl.csv,0.09872926143975669,0.4817319523468059,79.505353348727,0.001953125,0.04753471616480493,0.19802557692060865,75.99566838587609,0.001953125,0.09508764135878747,0.29081664992544753,67.30323336605257,0.001953125,0.9267481649072533,0.32343509713098556,186.5329622938034,0.001953125,0.017557950821885094,0.006634189843757887,0.004011712554498951,0.004237693626001866,0.00650982106635553,0.009953659627127088,0.02984301599267658,0.016261577380579467,True,True,True,True
kanzi,deepfield.csv,0.17974418840072207,17.428634754651878,98.96868463347225,0.001953125,2.5611316934570887,18.849563500274993,86.41277983217105,0.001953125,8.244489068427509,28.85834390906411,71.43117742859111,0.001953125,0.9525048514388624,0.41900128558156274,127.32742934590544,0.001953125,1.3364035589420034,0.013687452858216799,0.4823487932859776,0.29057828755189885,1.0228614064281336,1.2064046181043468,0.025085936687440927,0.010355981196301033,True,True,True,True
kanzi,enwik8.csv,0.16832552263987552,2.755729602986523,93.89179829336474,0.001953125,5.684295839626939,39.58621852202811,85.6407203015265,0.001953125,19.529293981694927,62.07897234549489,68.54120929546576,0.001953125,0.9351940327900576,0.34922344718082,167.7924521791446,0.001953125,0.1507690863154994,0.02108431966116154,0.9570809963595913,0.8746427330902606,2.256201081457023,3.610586481949885,0.031336267554392117,0.018350418022863555,True,True,True,True
kanzi,fannie_mae_500k.csv,0.16961535240676162,4.302311334867282,96.05757605145527,0.001953125,4.656453510441695,34.73230360512686,86.59330644065211,0.001953125,17.59728823163234,53.52938038672431,67.12592579159275,0.001953125,0.9223416195977391,0.29349711367598175,214.25917892194204,0.001953125,0.23137434619822644,0.01892717486633607,0.8613172645501558,1.065932839715915,1.9367074367110344,4.224146512313201,0.0343343890677176,0.029517012687934528,True,True,True,True
kanzi,large.csv,0.17695940140975794,1.468503399747323,87.94967710390004,0.001953125,0.8357231061831479,4.38708979280118,80.95039888277431,0.001953125,2.47088645878808,6.854642188381186,63.953093525781654,0.001953125,0.9149970183521547,0.35221657152684605,159.782500972534,0.001953125,0.06849618197740023,0.019959869025997307,0.10689719929554954,0.1265251346517826,0.25028078906291334,0.500978655786356,0.03096032526321997,0.02586981361240939,True,True,True,True
kanzi,misc.csv,0.10568171447742143,0.4779204840098532,77.88717621167235,0.001953125,0.09018204990806997,0.4058407105675288,77.77895426460319,0.001953125,0.21406823188512286,0.6107359395079205,64.9491346362225,0.001953125,0.9337694465355852,0.46599695444670675,100.38101915156933,0.001953125,0.01896413381065703,0.007558408228400353,0.008627205918278667,0.012749702327533237,0.017153400332989507,0.039915499408706784,0.024587934535152303,0.019903883477927844,True,True,True,True
kanzi,silesia.csv,0.17549689944535823,3.084723360823175,94.31077348217943,0.001953125,11.932162156257288,82.43377665716278,85.52515408109657,0.001953125,41.58225669191861,128.9596917694808,67.75561718443922,0.001953125,0.9310189953038691,0.34391479028590155,170.7121128840952,0.001953125,0.18492113670912033,0.019925650499938257,2.0382418485379414,2.1810851592331923,4.604283239485305,9.819113406325823,0.032318706849022896,0.024309315146697513,True,True,True,True
kanzi,vmlinux.csv,0.2628143945730677,28.72627074284419,99.08510785501619,0.001953125,10.125072461476975,164.6768966946878,93.85155254640914,0.001953125,29.695469515839886,225.18670659376826,86.81295625082797,0.001953125,0.9895897468754127,0.4049229800833748,144.38962359499908,0.001953125,1.2808822965228732,0.029277936692028574,3.4984398396144654,0.696631580617491,4.961736363690786,2.683357380822839,0.014680719493902919,0.0018170001980499402,True,True,True,True
lrzip,ambivert.wav.tar.csv,0.47012972987544854,1.6337857954505939,71.22451846597258,0.001953125,8.827653477267214,13.487993816997953,34.55176806099693,0.001953125,21.275995409390827,21.335479348758287,0.27880291975217497,0.625,-0.10177312558568304,-0.12924440519875505,0.02747127961307201,0.6953125,0.2612542210162738,0.03676928969552358,1.659043566152859,2.038617407709456,3.4363557589929288,4.117273773741394,0.11863376033197906,0.03917965375247293,True,True,False,False
lrzip,artificl.tar.csv,9.888856738358585,14.243529050638958,30.57298719157683,0.001953125,1.1685841509566497,1.280761466363673,8.758642288443937,0.083984375,1.5995308497400837,1.4390512720106436,-11.151762334723342,0.009765625,-0.23168212596241355,0.014902640603371098,-1654.6380814552099,0.009765625,3.2643884143918056,3.8230632655192456,0.04220558616773401,0.17856746421160635,0.043086886471843215,0.17579430616847974,0.06165272060903067,0.2928128774963325,True,False,True,True
lrzip,deepfield.tar.csv,0.4688333386465483,1.614309996022684,70.9576636580549,0.001953125,8.799271909328928,13.192998808352069,33.303473780666245,0.001953125,20.909818279079946,20.84365629402213,-0.3174202458749651,0.4921875,-0.10883475511925293,-0.1210589052214889,0.012224150102235973,0.556640625,0.2555565028200793,0.06059786966361344,1.6130876072978504,2.0554773705916762,3.369239966235093,4.011577131014848,0.10567476568879275,0.042829164897217345,True,True,False,False
lrzip,enwik8.tar.csv,0.35055119878831303,1.1237623293714,68.80557484211086,0.001953125,12.236864123327692,18.09935856591292,32.39061992852191,0.001953125,26.46349824540207,25.786138593904703,-2.626836309867203,0.130859375,-0.12947028630221308,-0.08164662783635182,-0.04782365846586126,0.193359375,0.144951468140156,0.03758067337642751,1.7378114243558103,2.682820451614,3.5067411553806673,4.266300464108559,0.06326380167925391,0.07602511666130894,True,True,False,False
lrzip,fannie_mae_500k.tar.csv,0.11878990319984928,0.11812233263304099,-0.5651518658052265,0.556640625,5.177058523211564,5.0221163461354275,-3.0851968850814417,1.0,7.783017136810616,7.211589416128453,-7.923741739985733,0.01953125,-0.27948777528557595,-0.10093669448645619,-0.17855108079911974,0.048828125,0.009669113144021576,0.02822998260034165,0.5378809384372972,1.1984912287801384,0.9547398706524812,1.2775727316080987,0.06114065158715389,0.18848983281281595,False,False,True,True
lrzip,large.tar.csv,0.8450097904626027,1.0362998188762946,18.458946429337033,0.013671875,2.138153676309084,2.2415615501517676,4.61320697777326,0.232421875,2.9681744083494803,3.0092319807305374,1.3643870809551133,0.431640625,-0.05619094480392547,-0.08371641094544134,0.027525466141515874,0.4921875,0.19046422959849316,0.13471569524339913,0.2095755622426712,0.2305690912644353,0.29827318119687946,0.27487361506935365,0.07075611592710908,0.07095868794299953,True,False,False,False
lrzip,misc.tar.csv,2.965755344485819,2.805267790073038,-5.7209352697341895,0.193359375,1.5730916728377342,1.2968099582212553,-21.304718772782667,0.001953125,1.7961700833099286,1.4872241564860131,-20.773326298968097,0.001953125,-0.47525327419094454,-0.008463283530929466,-0.4667899906600151,0.001953125,0.5808254409951212,0.7972342199997411,0.04237481331192131,0.0793182750626193,0.038162400175180106,0.10883984586608139,0.062403967797316676,0.18787336544646707,False,True,True,True
lrzip,silesia.tar.csv,0.3782095681665692,1.3057754316967267,71.03563453670414,0.001953125,20.698306275351005,30.574846417392216,32.30282830275489,0.001953125,45.4268415030898,43.812327113743606,-3.6850687824790964,0.02734375,-0.14944809390540834,-0.07497800101717507,-0.07447009288823327,0.02734375,0.16616561144202527,0.029398133423481774,2.945165566859494,4.371108172356377,6.021166885047664,6.998167768126407,0.05347212742668945,0.06984982458727851,True,True,True,True
lrzip,uiq-32.bin.csv,0.42691284308928956,2.148690569558826,80.13148802635904,0.001953125,33.65221200571562,51.00554389495442,34.022442589726865,0.001953125,76.75613327053786,72.50907473350028,-5.857278627050759,0.00390625,-0.17938507788352065,-0.05500116277315076,-0.12438391511036989,0.00390625,0.3032647505975084,0.0457679142993089,5.03472457940689,7.166231943244564,10.254409856984488,11.295901967642857,0.056741884425102286,0.04888544707760752,True,True,True,True
lrzip,uiq2-16.bin.csv,0.41983649174928617,1.9339822107616491,78.29160529951595,0.001953125,18.090160833961082,28.06776631237824,35.548270451492634,0.001953125,41.535870367358854,40.17641661092529,-3.3837108211982416,0.037109375,-0.15120002559670725,-0.08262232905591696,-0.0685776965407903,0.048828125,0.2814010183676973,0.04003048240789714,2.6141734659930527,3.9107577041974593,5.602045670951805,6.34770253904652,0.056941342762854966,0.0604662533016718,True,True,True,True
lrzip,uiq2-4.bin.csv,0.5149596217050987,1.2794261963109437,59.75073644811114,0.001953125,5.002486580890522,6.733120303332025,25.703294230240665,0.001953125,10.487315570829821,10.252851033600484,-2.286822820900781,0.10546875,-0.1451100451646226,-0.10133989650634564,-0.04377014865827694,0.193359375,0.21097277011779153,0.06961414693182615,0.7912116057936589,0.8784360278964491,1.4802734439203025,1.678346450699895,0.0689536292891008,0.04956157493693073,True,True,False,False
lrzip,uiq2-8.bin.csv,0.4606470130914489,1.543983223847937,70.16502472459398,0.001953125,9.603484964989779,14.050270473533624,31.649109651805052,0.001953125,21.223151906968337,20.622428263841773,-2.9129626998380185,0.02734375,-0.14226669331701983,-0.0821238046630398,-0.06014288865398003,0.037109375,0.2297416811901736,0.03437144052689841,1.3801596501289857,1.914692769721102,2.8181183588614127,3.076275736963689,0.05579758633267805,0.04559564906820276,True,True,True,True
lrzip,vmlinux-5.10.tar.csv,0.4748910275200952,0.8110065234927758,41.4442407349729,0.001953125,3.5898485669587794,4.384754007876929,18.128849178087375,0.001953125,6.444240181005492,6.466441860824794,0.3433368813505466,0.921875,-0.08496354102292715,-0.09958774965205859,0.014624208629131441,0.845703125,0.12700359982289083,0.06861248363006774,0.5074703885672761,0.5321737502141076,0.9053651498767963,1.0247326746982142,0.063334327066283,0.07405316341710715,True,True,False,False
x264,blue_sky_1080p25_short.y4m.csv,0.15346501600773216,0.7748893049824708,80.19523369067485,0.001953125,1.4072813511650364,3.1305745315586067,55.04718584468906,0.001953125,2.759711017610999,4.04671806159678,31.80372401525659,0.001953125,0.9237539460201889,0.836220714845202,10.467718584463759,0.001953125,0.03458074969463666,0.006073586511488785,0.05891320912086232,0.07991762530757361,0.0968979393148729,0.09484709061549879,0.0057110127260841595,0.0050621850671111095,True,True,True,True
x264,Johnny_1280x720_60_short.y4m.csv,0.16638815711719418,0.8830073808752085,81.15665160666316,0.001953125,1.2190664379155098,2.5590698983524307,52.36290971573837,0.001953125,2.3397721706655776,3.3408242908246195,29.96422538318982,0.001953125,0.9120897600874347,0.8210567882975995,11.087292996941818,0.001953125,0.0416698403790374,0.005210379422223233,0.05005344110016737,0.055285216907323846,0.0893172681068218,0.07103263925131116,0.006357751985288681,0.006213414476122108,True,True,True,True
x264,Netflix_Crosswalk_4096x2160_60fps_10bit_420_short.y4m.csv,0.1558745872877574,0.7755440085183654,79.90125826830288,0.001953125,4.072225927170135,8.685914899816362,53.11690277720508,0.001953125,7.715249522111845,11.236786458807847,31.339359785872578,0.001953125,0.924016905362208,0.8391325393252254,10.11572809525907,0.001953125,0.034515184746530765,0.007560346294803253,0.16183577579679018,0.31056455640457914,0.27020517489685364,0.3487799024314127,0.0052606315585227515,0.006672079283315834,True,True,True,True
x264,pedestrian_area_1080p25_short.y4m.csv,0.15208540403750564,0.7068039862529176,78.48266181352795,0.001953125,1.6875680523444547,3.5615260972139744,52.6167152428122,0.001953125,3.2418079071593255,4.618187377127603,29.80345658526205,0.001953125,0.9228769485015453,0.8436966860368813,9.384920407427408,0.001953125,0.030940715418185497,0.008349214062490184,0.0642440370007343,0.10969500864326708,0.08241410035665175,0.08066660633407641,0.004852315196113494,0.005092588452635042,True,True,True,True
x264,riverbed_1080p25_short.y4m.csv,0.15262240189763335,0.6503929366707005,76.53381620672376,0.001953125,3.2124200524824333,6.668069101217261,51.82383380076245,0.001953125,6.251319729287981,8.845073440815524,29.324275585533144,0.001953125,0.9170098957423489,0.834376017275886,9.903673734085782,0.001953125,0.0279124765621194,0.0061243280921105415,0.12402189331030161,0.1560669268979549,0.14366911588113002,0.23527411015890873,0.005412779170109746,0.008028225132101592,True,True,True,True
x264,sd_bridge_close_cif_short.y4m.csv,0.11877592029023727,0.5121312529243548,76.80752353776363,0.001953125,0.06322978804096165,0.14085572145779707,55.1102451596853,0.001953125,0.12081531378874596,0.18126042815460017,33.34711000147231,0.001953125,0.9389484508140005,0.863096688593241,8.788327336116895,0.001953125,0.0179933650437337,0.011546201661237916,0.0021557625079904755,0.002876927910501065,0.003058092537349512,0.005477518380027018,0.004307539357286975,0.006779756097145115,True,True,True,True
x264,sd_city_4cif_short.y4m.csv,0.16535811398427477,0.8195003372433403,79.8220810328753,0.001953125,0.6587012235217227,1.4782511955024145,55.44050797822292,0.001953125,1.3426705723294412,1.9044335294550574,29.497640554898307,0.001953125,0.9117426717403587,0.8233648897405302,10.7337321643238,0.001953125,0.03578620325616584,0.0073437271826460645,0.02509944645897988,0.02837370575639883,0.030860379087731853,0.06401610096119423,0.005199842075865898,0.01131231710830994,True,True,True,True
x264,sd_crew_cif_short.y4m.csv,0.13719857160607338,0.6149700695474534,77.69020340989348,0.001953125,0.10978939808838115,0.24529505023502507,55.241902360773935,0.001953125,0.22043650450179753,0.3178769059285754,30.65350127972871,0.001953125,0.9275100537455584,0.8495249611387974,9.17984711152232,0.001953125,0.024760580453288817,0.010094345230911007,0.004163448222588054,0.004785425900764246,0.005297883235517824,0.007356555670589085,0.004233429616673923,0.005508579412813812,True,True,True,True
x264,sintel_trailer_2k_720p24_short.y4m.csv,0.12436619253341222,0.5122294597390222,75.72060915887657,0.001953125,0.17658365817505234,0.36866317720457353,52.10162850707898,0.001953125,0.3394646938957026,0.4641712006473841,26.86648947150364,0.001953125,0.9386086100447406,0.8854133709073391,6.007955254040157,0.001953125,0.019414746191787152,0.005697658198421657,0.007689522631076663,0.006716690809075339,0.01179480867508421,0.014681256064837608,0.003603889146742248,0.005072252319656449,True,True,True,True
xz,ambivert.wav.tar.csv,0.07234251898300736,1.3525329662285066,94.65133044522145,0.001953125,1.1737730889670055,13.225459303284552,91.12489735100921,0.001953125,2.190852932870472,17.09194311403342,87.18195515715436,0.001953125,0.9944714683254565,0.6717483871774508,48.042256194171465,0.001953125,0.08001933555867739,0.011048568676357597,0.4138566920837164,0.19851635337706544,0.5218504711725841,0.361837166506351,0.02490301595068039,0.00203869488692791,True,True,True,True
xz,artificl.tar.csv,0.33738965945742605,0.2937774551752234,-14.84532033140193,0.001953125,0.006116359351587793,0.006377053849482758,4.088008413416648,0.001953125,0.008894536572602602,0.007622205482441675,-16.692427055290462,0.001953125,-0.09876769249922321,0.19270770392404585,-151.252591613126,0.001953125,0.009233444379894295,0.01589407973228568,0.0001413863975776736,0.0001803612288156157,0.00014420418781779372,0.00020039701552176944,0.0235208356410951,0.014774488982501222,True,True,True,True
xz,deepfield.tar.csv,0.05814706344749373,0.6144109646647709,90.53612861886027,0.001953125,1.1561006163787841,5.77361176814056,79.97612823989522,0.001953125,5.0233569828185285,8.139828775585931,38.286699618482686,0.001953125,0.8722250844671157,0.6656066151318016,31.04212978628525,0.001953125,0.027091133631891622,0.009273624832023833,0.175856180403431,0.16006159933400058,0.3522615199271129,0.4610879303141966,0.0222152314369718,0.02024952809663615,True,True,True,True
xz,enwik8.tar.csv,0.10333517259923627,1.9997553583198808,94.83260929046568,0.001953125,10.935431535650888,71.54505134806718,84.71532086482134,0.001953125,32.56647661205767,93.70363061966687,65.24523500669727,0.001953125,0.9500376288985688,0.593155740824105,60.16664149260823,0.001953125,0.13828705545207381,0.022962955325304384,2.1918885875517,2.843685067341704,4.499568594840465,8.609112652839759,0.028277883038568555,0.021563201890479382,True,True,True,True
xz,fannie_mae_500k.tar.csv,0.06792151560954883,0.9133394798618044,92.56338775371607,0.001953125,3.096980553836822,30.22686601137361,89.75421218768923,0.001953125,5.216624824893544,36.18694662893684,85.58423599983405,0.001953125,0.991965714044969,0.6353781213944127,56.12210755195386,0.001953125,0.03837138751098479,0.015435321056218032,0.7493692593097301,0.6910364146689763,0.7841063545613632,1.2757813054757468,0.027292508795767743,0.0040206109019724,True,True,True,True
xz,large.tar.csv,0.04968860912037687,0.43250335287887803,88.51139331299194,0.001953125,0.23245306417783101,1.8632116251975546,87.52406538075435,0.001953125,0.3325922505115725,2.299517183964412,85.53643117647084,0.001953125,0.993038848858834,0.6747958553227102,47.16137347700945,0.001953125,0.023434622507095354,0.0058427087979311615,0.0533639922864802,0.04088256180863062,0.04239099159830568,0.06489308018760487,0.02298086724848601,0.0025535851408378138,True,True,True,True
xz,misc.tar.csv,0.057788442212442934,0.22700615907037175,74.54322717537872,0.001953125,0.02371003715058168,0.08770874921971103,72.96730672650699,0.001953125,0.05122539521368612,0.11714157289976909,56.2705246774204,0.001953125,0.9550081554394655,0.7662871134351361,24.627980647922517,0.001953125,0.005393180248121027,0.008728153835741546,0.0016772908050705698,0.003366150599938701,0.0031492981515183938,0.003320744429659364,0.02191672932341054,0.00723002407045601,True,True,True,True
xz,silesia.tar.csv,0.08412236260893267,0.9456682621286197,91.10445322341893,0.001953125,9.44956185675303,61.70817032779064,84.68669252943745,0.001953125,19.952442614396304,77.92462381532854,74.39520187908631,0.001953125,0.9740728623766266,0.6572227307876883,48.210464542087585,0.001953125,0.05024606073253893,0.01792725450784214,1.9900294286171971,3.5225177902280396,2.739085876436564,8.972816426718218,0.02678127713179314,0.020911545152349876,True,True,True,True
xz,uiq-32.bin.csv,0.08772731402252142,1.1876618678761564,92.61344357385151,0.001953125,13.114920794207256,72.1588322317247,81.82492650090134,0.001953125,33.00309021042983,92.19920304997363,64.20458190669873,0.001953125,0.9571628763731143,0.6665395657838482,43.601809331077604,0.001953125,0.06922206192146162,0.01275413262518502,2.6929456453304605,1.7840099475380895,4.396136040260567,4.443592025530559,0.01825207568649009,0.008274090766588669,True,True,True,True
xz,uiq2-16.bin.csv,0.08948847545260488,1.0605326582695844,91.56193119044363,0.001953125,5.984836729901632,32.01894859874487,81.30845330087999,0.001953125,17.88723918456417,42.66000840399544,58.07023989500928,0.001953125,0.9377667520874953,0.6480980309246205,44.69520154992815,0.001953125,0.06252873876858196,0.010009890902301706,0.7595395985156357,0.5475894519033045,1.5376166905348914,2.0978930903731214,0.01704763912988889,0.011730493359154544,True,True,True,True
xz,uiq2-4.bin.csv,0.06834292275348317,0.6037510970532205,88.68028181032707,0.001953125,1.1805203535238902,4.2918742963144805,72.49406035638958,0.001953125,4.448991177920593,5.99538949743639,25.793125203575713,0.001953125,0.798153891900844,0.6335769418560386,25.975842738639393,0.001953125,0.02570836271848258,0.010482093753279076,0.10927765400107477,0.10078327270193477,0.17294113763881758,0.20435941818675055,0.014055742343731078,0.013931851934102303,True,True,True,True
xz,uiq2-8.bin.csv,0.08021545343748814,0.8021275665720436,89.99966379658346,0.001953125,2.7256643710517885,11.856387158964647,77.01100398875802,0.001953125,8.666837050336353,16.586664643306932,47.74816253469257,0.001953125,0.8981575258444636,0.6303173808423838,42.492901694084104,0.001953125,0.0362949199012058,0.006364731188452744,0.3231601075748712,0.31293753687097403,0.7779317110082871,1.332256943115842,0.021638533515963766,0.025573684826288443,True,True,True,True
xz,vmlinux-5.10.tar.csv,0.04704919026007904,0.28279044080472626,83.36252451596565,0.001953125,0.3672687937688828,1.8608204196495355,80.26307160590737,0.001953125,0.6254101399701559,2.266109881023662,72.40159688604149,0.001953125,0.9807539211019589,0.7549279959168749,29.913571414292832,0.001953125,0.011878582279289427,0.007944449686851516,0.056232647535775435,0.062458035433593365,0.06103702872692722,0.11340238684961276,0.016089946887218768,0.006989403056270463,True,True,True,True
z3,AUFNIRA_z3.637557.smt2.csv,0.05075145430833439,7.566814788302179,99.32928906378424,0.001953125,2.8251847267213823,88.31539061043631,96.80102787612249,0.001953125,5.08422008893543,99.73709892099357,94.90237820837072,0.001953125,0.9990782749817558,0.6705531278424753,48.993157066662256,0.001953125,0.360752349759953,0.012340393831054175,2.5991656996669295,0.8943934339474134,2.6108074013255824,1.50228194362445,0.014298726817565855,0.00045882357068409527,True,True,True,True
z3,LRA_formula_277.smt2.csv,0.016824629831637086,0.10998796622676614,84.7032085337871,0.001953125,0.055291074466390575,0.31606348819817426,82.50633922266825,0.001953125,0.07093193777933944,0.3215196815562034,77.9385394275031,0.001953125,0.9959200511368792,0.919068860168178,8.361853425720286,0.001953125,0.0023544269977096095,0.0029087596938432384,0.0017840299640402577,0.010068453251574147,0.0027156565702309084,0.012818210665395336,0.0035210654083042713,0.001449911609400147,True,True,True,True
z3,QF_AUFBV_891_sqlite3.smt2.csv,0.6233241538810971,5.459661489504463,88.58309887747872,0.001953125,2.847861394924693,9.959695292544595,71.40613933182794,0.001953125,7.232977914039749,12.924532822749304,44.036832795159,0.001953125,0.9095494871240399,0.725153740310881,25.428503855486777,0.001953125,0.9621447110260043,0.30548163557224495,0.35624141640966867,0.8830188247129482,0.8164441176342877,2.459337752606558,0.012472411756096239,0.05080914450738419,True,True,True,True
z3,QF_AUFLIA_swap_t1_pp_nf_ai_00010_002.cvc.smt2.csv,0.032374825406100205,0.13042220878628746,75.17690759313066,0.001953125,0.2506578707018308,0.9598006732053189,73.88438269534214,0.001953125,0.33995823354337235,1.1699449283321015,70.94237298604952,0.001953125,0.9926557396119146,0.9161445644162789,8.351430349246762,0.001953125,0.003321263718248714,0.006587036159908762,0.027445670202286592,0.04884190565207525,0.028420688528910897,0.06982473891001977,0.00617725183444061,0.0028539867964516522,True,True,True,True
z3,QF_BV_bench_3176.smt2.csv,0.08491981825956725,10.199000892201417,99.1673712047177,0.001953125,7.039864076283898,131.85348366685983,94.66084332358578,0.001953125,16.411124201546357,151.55623106416317,89.17159387884323,0.001953125,0.9950341115120815,0.6096663106478016,63.20962699329849,0.001953125,0.6056749037789964,0.010462406451448998,3.946836226017048,1.9899119813049795,4.322480696334261,5.03408941369663,0.01661732331306941,0.0030833102991091673,True,True,True,True
z3,QF_BV_bench_935.smt2.csv,0.12502174528494214,17.538347873080504,99.28715209556974,0.001953125,4.609632066355287,92.8427283363181,95.03501011984791,0.001953125,9.286472016223073,96.74711537409635,90.4012931235059,0.001953125,0.9964680817041026,0.643739220399551,54.79375034592775,0.001953125,1.1947999704628156,0.046021106971297306,1.1789525502073857,1.4377780422723598,1.0721472537277625,2.803495088951134,0.015571288624916078,0.0023013503871660555,True,True,True,True
z3,QF_LIA_tightrhombus.csv,0.05144389551874853,0.6919619975863298,92.56550277353486,0.001953125,0.10457843374989606,0.5751385491648596,81.81682763192433,0.001953125,0.15040178595800074,0.7871321564845108,80.89243531483645,0.001953125,0.9962279259896064,0.9046122741321178,10.127615385871746,0.001953125,0.06257523336257076,0.010714349240685456,0.012700420742447205,0.034165337896099456,0.009613589026443053,0.044723469768797514,0.003166079386178354,0.002338138784482821,True,True,True,True
z3,QF_LRA_clocksynchro_7clocks.worst_case_skew.induct.smt2.csv,0.024759357446543666,0.054393390142554274,54.48094450142874,0.001953125,0.33806421643751294,0.7417639312368786,54.424284843050174,0.001953125,0.43288836920720986,0.8769561289471376,50.63739736594005,0.001953125,0.9857589779807541,0.9448530012110503,4.329348239067153,0.001953125,0.0018112908568762823,0.007368933770180618,0.018539673005454237,0.09122327743157577,0.019064672282891288,0.11239135017290446,0.002862448927476137,0.006241848534235583,True,True,True,True
z3,QF_NRA_hong_9.smt2.csv,0.019753044415622825,0.002185495335511884,-803.8245973193208,0.001953125,0.08634310238589546,0.009382136225525323,-820.2925678161421,0.001953125,0.1111349462799083,0.016058315728541113,-592.0710002132014,0.001953125,0.9914145335377738,0.999832041145965,-0.8418921640622236,0.001953125,9.20184565696541e-05,0.004942771237300139,0.0004363582173844063,0.022822153978666167,0.0016677778608762165,0.031105543707418186,3.505804565445069e-05,0.005310972567313215,True,True,True,True
z3,QF_RDL_orb08_888.smt2.csv,0.020852365943282172,0.02847188786022678,26.76156198124306,0.00390625,0.2055995786748704,0.2603920050070444,21.04228443215517,0.013671875,0.25225933297419995,0.3321816977956224,24.059833925767748,0.005859375,0.9892287152428919,0.9820819201552918,0.7277188329126342,0.009765625,0.0012603784413782555,0.0046456839845463475,0.008369618862172275,0.04436040038626143,0.008576513951986966,0.056030428955633406,0.001105160370082302,0.004579885999352603,True,True,True,True
z3,QF_UFLIA_xs_23_43.smt2.csv,0.0440550935447237,0.3633986927040226,87.87692569367461,0.001953125,1.4236359634525313,8.070626499325886,82.3602794210407,0.001953125,2.199997320898206,9.776655825644628,77.49744534191836,0.001953125,0.9866450818872436,0.7522675524698701,31.156139680338118,0.001953125,0.016069245522717008,0.008675106119291568,0.18197617708013866,0.33784983915510064,0.2730636414886553,0.6063978773498633,0.011699242058040338,0.006974921576613236,True,True,True,True
z3,QF_UF_PEQ018_size6.smt2.csv,0.10203042566867922,9.647691942865103,98.94243694478516,0.001953125,4.53764896077134,162.2788215064283,97.20379472894336,0.001953125,7.687547919746424,204.9261702201722,96.24862558477184,0.001953125,0.9992897512856777,0.5229215328362584,91.09745698664577,0.001953125,0.6689129192751481,0.03292482136524241,5.994580165923626,1.0544024849959792,7.001536661698872,1.768884020423933,0.026885877847949075,0.0003280798823897969,True,True,True,True
